{
  "submission_node_id": 345,
  "submitter_email": "kristina.adams@usda.gov",
  "submitter_name": "KRISTINA M. ADAMS",
  "title": "A New Method to Calculate Cotton Fiber Length Uniformity Using the HVI Fibrogram ",
  "doi": "10.3390\/agronomy13051326",
  "authors": [
    {
      "first_name": "Md Abu",
      "last_name": "Sayeed",
      "name_suffix": "",
      "orcid": "0000-0001-8354-2056",
      "affiliation": "Department of Plant and Soil Science, Texas Tech University, Lubbock, TX 79409, USA"
    },
    {
      "first_name": "Christopher",
      "last_name": "Turner",
      "name_suffix": "",
      "orcid": "0000-0003-0255-2012",
      "affiliation": "Department of Plant and Soil Science, Texas Tech University, Lubbock, TX 79409, USA"
    },
    {
      "first_name": "Brendan R.",
      "last_name": "Kelly",
      "name_suffix": "",
      "orcid": "",
      "affiliation": "Department of Plant and Soil Science, Texas Tech University, Lubbock, TX 79409, USA, Texas A\u0026amp;M Agrilife Research Extension, Lubbock, TX 79403, USA"
    },
    {
      "first_name": "John",
      "last_name": "Wanjura",
      "name_suffix": "",
      "orcid": "0000-0002-5086-1947",
      "affiliation": "USDA-ARS Cotton Production and Processing Research Unit, Lubbock, TX 79403, USA"
    },
    {
      "first_name": "Wayne",
      "last_name": "Smith",
      "name_suffix": "",
      "orcid": "",
      "affiliation": "Department of Soil and Crop Sciences, Texas A\u0026amp;M University, College Station, TX 77843, USA"
    },
    {
      "first_name": "Mitchell",
      "last_name": "Schumann",
      "name_suffix": "",
      "orcid": "",
      "affiliation": "Department of Soil and Crop Sciences, Texas A\u0026amp;M University, College Station, TX 77843, USA"
    },
    {
      "first_name": "Eric F.",
      "last_name": "Hequet",
      "name_suffix": "",
      "orcid": "0000-0002-8922-3459",
      "affiliation": "Department of Plant and Soil Science, Texas Tech University, Lubbock, TX 79409, USA"
    }
  ],
  "funding_agencies": [
    {
      "name": "Agricultural Research Service (ARS)",
      "award_number": "",
      "project_number": "3096-21410-009-000D"
    }
  ],
  "journal": "Agronomy",
  "issn": "2073-4395",
  "abstract": "Knowledge of cotton fiber length uniformity is important for the cotton industry. The accurate and reliable measurement of fiber length uniformity would allow cotton breeders to release new cotton varieties with improved fiber length variation. This knowledge would also help spinning mills to optimize their machine setup, which would improve yarn processing performance. Currently, the high volume instrument (HVI) is most commonly used to characterize the cotton fiber length variation. The HVI length measurement is based on the fibrogram principle. The HVI length measurement characterizes 2 points, 1.8% as the upper half mean length (UHML) and 7.8% span length as the mean length (ML) from the fibrogram, and reports UHML and uniformity index (UI). The ratio of ML to the UHML is used to calculate the UI and is expressed as a percentage. UI measurement does not represent the shorter fibers as the above two span lengths only represent the longest fibers within a sample. We propose to calculate the uniformity of the cotton fiber length using the complete fibrogram as an alternative. First, the area of the measured fibrogram curve is calculated. Second, the area of a theoretical mono-length fibrogram with a length equal to the maximum length of the fibers for the same sample is calculated. Finally, we calculate a new length uniformity as the ratio of the measured fibrogram area to the mono-length fibrogram area expressed as a percentage. Based on the results obtained using a set of 991 commercial samples, the new length uniformity shows promise. We also applied this new length uniformity to a set of 60 commercial-like samples and developed partial least square regression (PLSR) prediction models to predict yarn quality. The results obtained demonstrate that the new length uniformity predicts yarn quality better than the current UI. ",
  "publication_date": "2023-05-09",
  "date_other": "",
  "volume": 13,
  "issue": 5,
  "first_page": 1326,
  "last_page": "",
  "manuscript_file": "https:\/\/submit.nal.usda.gov\/sites\/default\/files\/manuscripts\/Log%20403240%20-%20agronomy-13-01326.pdf",
  "manuscript_version": "openaccess_vor",
  "supplementary_files": "",
  "accession_number": 437975,
  "log_number": 403240,
  "mms_id": "",
  "created": 1685656598,
  "changed": 1690336042
}