[
  {
    "submission_node_id": 1924,
    "submitter_email": "Jessica.Crowe@usda.gov",
    "submitter_name": "JESSICA A. CROWE",
    "title": "Navigating Telehealth Challenges: Rural Perspectives on Technology Access and Trust",
    "doi": "",
    "authors": [
      {
        "first_name": "Jessica",
        "last_name": "Crowe",
        "name_suffix": "",
        "orcid": "0000-0003-2460-2578",
        "affiliation": "Economic Research Service, U.S. Department of Agriculture Washington D.C, United States "
      },
      {
        "first_name": "Jelena",
        "last_name": "Nikolic-Khatatbeh",
        "name_suffix": "",
        "orcid": "",
        "affiliation": "Southern Illinois University Carbondale, IL, United States "
      },
      {
        "first_name": "Ruopu",
        "last_name": "Li",
        "name_suffix": "",
        "orcid": "",
        "affiliation": "Southern Illinois University Carbondale, IL, United States "
      }
    ],
    "funding_agencies": [
      {
        "name": "Economic Research Service (ERS)",
        "award_number": "",
        "project_number": ""
      }
    ],
    "journal": "Journal of Rural and Community Development",
    "issn": "1712-8277",
    "abstract": "This study delves into the adoption and challenges of telehealth services in rural settings, examining racial and locational influences on usage. Employing qualitative methods, it draws on 30 detailed interviews with both healthcare providers and patients in two racially diverse, economically disadvantaged towns in Southern Illinois from fall 2021 to spring 2023. Our findings indicate that insufficient internet access and lack of necessary devices are significant factors in the reluctance of rural residents to embrace telehealth services. Additionally, this study reveals a major barrier: a deep-seated mistrust in the telehealth infrastructure\u0027s ability to safeguard private medical information. Notably, our results show that Black participants have heightened concerns regarding the health care industry\u0027s capacity to maintain the confidentiality of their medical data.",
    "publication_date": "",
    "date_other": 2024,
    "volume": 19,
    "issue": 2,
    "first_page": 167,
    "last_page": 180,
    "manuscript_file": "https:\/\/submit.nal.usda.gov\/sites\/default\/files\/manuscripts\/Journal%20of%20Rural%20and%20Community%20Development.pdf",
    "manuscript_version": "publisher_vor",
    "supplementary_files": "",
    "accession_number": "",
    "log_number": "",
    "mms_id": "",
    "created": 1715620362,
    "changed": 1718846841
  }
]