{
  "submission_node_id": 4547,
  "submitter_email": "pboyle@umn.edu",
  "submitter_name": "Paige Boyle",
  "title": "Leaf and Crown Cuticular Wax Responses in Annual Bluegrass (\ud835\ude17\ud835\ude30\ud835\ude22 \ud835\ude22\ud835\ude2f\ud835\ude2f\ud835\ude36\ud835\ude22 L.) Plants Exposed to Ice Encasement ",
  "doi": "10.1111/jac.70009",
  "authors": [
    {
      "first_name": "Devendra Prasad",
      "last_name": "Chalise",
      "name_suffix": "",
      "orcid": "",
      "affiliation": "Department of Plant, Soil, and Microbial Sciences, Michigan State University, East Lansing, Michigan, USA"
    },
    {
      "first_name": "Emily",
      "last_name": "Merewitz",
      "name_suffix": "",
      "orcid": "0000-0003-3394-1600",
      "affiliation": "Department of Plant, Soil, and Microbial Sciences, Michigan State University, East Lansing, Michigan, USA"
    }
  ],
  "funding_agencies": [
    {
      "name": "National Institute of Food and Agriculture (NIFA)",
      "award_number": "2021-51181- 35861",
      "project_number": ""
    }
  ],
  "journal": "Journal of Agronomy and Crop Science",
  "issn": "0931-2250",
  "abstract": "The plant cuticle, the outermost protective layer of most aboveground plant parts, serves as the first line of defence. While its role in various stress responses has been well\u2010studied, its role in ice encasement stress tolerance is unknown. This research aimed to investigate changes in cuticular wax on the leaves and crowns of annual bluegrass after different ice encasement durations (0, 40, and 60\u2009days) and to analyse the relationships between wax levels, malondialdehyde (MDA) content, electrolyte leakage (EL), and recovery rate. A two\u2010year controlled environment study was conducted during 2022\u20132023 and 2023\u20132024 in East Lansing, MI, USA. Higher wax coverage was observed on leaves (61.89\u2009\u03bcg\u2009cm\u207b\u00b2) compared to crowns (7.64\u2009\u03bcg\u2009cm\u207b\u00b2). On average for leaves and crowns, the highest wax coverage was observed in the 0\u2010day treatment (41.10\u2009\u03bcg\u2009cm\u207b\u00b2), whereas the least was observed in the 60\u2009days treatment (27.90\u2009\u03bcg\u2009cm\u207b\u00b2). The reduction on wax coverage was primarily due to C\u2082\u2086\u2010hexacosanol. A strong negative correlation existed between wax coverage, malondialdehyde content, and electrolyte leakage, whereas wax coverage and recovery rate were strongly positively correlated, indicating that cuticular waxes may help protect against stress damage. Future research should explore these mechanisms further to develop effective strategies for alleviating winter stress in grass species. ",
  "publication_date": "2025-01-01",
  "date_other": "",
  "volume": 211,
  "issue": 1,
  "first_page": "e70009",
  "last_page": "",
  "manuscript_file": "https://submit.nal.usda.gov/sites/default/files/manuscripts/J%20Agronomy%20Crop%20Science%20-%202024%20-%20Chalise%20-%20Leaf%20and%20Crown%20Cuticular%20Wax%20Responses%20in%20Annual%20Bluegrass%20%20Poa%20annua%20L%20%20%20Plants.pdf",
  "manuscript_version": "openaccess_vor",
  "supplementary_files": "",
  "accession_number": "",
  "log_number": "",
  "mms_id": 9916699960007426,
  "created": 1736544438,
  "changed": 1741976790
}