
{
  "submission_node_id": 1000,
  "submitter_email": "Kassidye.Harmeier@usda.gov",
  "submitter_name": "KASSIDYE L. HARMEIER",
  "title": "Protected Organic Acid and Essential Oils for Broilers Raised Under Field Conditions: Intestinal Health Biomarkers and Cecal Microbiota ",
  "doi": "10.3389\/fphys.2021.722339",
  "authors": [
    {
      "first_name": "Cristiano",
      "last_name": "Bortoluzzi",
      "name_suffix": "",
      "orcid": "",
      "affiliation": "Jefo Nutrition Inc., Saint-Hyacinthe, QC, Canada"
    },
    {
      "first_name": "Ludovic",
      "last_name": "Lahaye",
      "name_suffix": "",
      "orcid": "",
      "affiliation": "Jefo Nutrition Inc., Saint-Hyacinthe, QC, Canada"
    },
    {
      "first_name": "Jarred",
      "last_name": "Oxford",
      "name_suffix": "",
      "orcid": "",
      "affiliation": "Jefo Nutrition Inc., Saint-Hyacinthe, QC, Canada"
    },
    {
      "first_name": "Derek",
      "last_name": "Detzler",
      "name_suffix": "",
      "orcid": "",
      "affiliation": "Jefo Nutrition Inc., Saint-Hyacinthe, QC, Canada"
    },
    {
      "first_name": "Cinthia",
      "last_name": "Eyng",
      "name_suffix": "",
      "orcid": "",
      "affiliation": "Department of Animal Science, Western Paran\u00e1 State University, Marechal C\u00e2ndido Rondon, Brazil"
    },
    {
      "first_name": "Nicolle Lima",
      "last_name": "Barbieri",
      "name_suffix": "",
      "orcid": "",
      "affiliation": "Poultry Diagnostic and Research Center, University of Georgia, Athens, GA, United States"
    },
    {
      "first_name": "Elizabeth",
      "last_name": "Santin",
      "name_suffix": "",
      "orcid": "",
      "affiliation": "Jefo Nutrition Inc., Saint-Hyacinthe, QC, Canada"
    },
    {
      "first_name": "Michael Henry",
      "last_name": "Kogut",
      "name_suffix": "",
      "orcid": "",
      "affiliation": "United States Department of Agriculture \u2013 Agricultural Research Service (USDA-ARS), Southern Plains Agricultural Research Center, College Station, TX, United States"
    }
  ],
  "funding_agencies": [
    {
      "name": "Agricultural Research Service (ARS)",
      "award_number": "",
      "project_number": ""
    }
  ],
  "journal": "Frontiers in Physiology",
  "issn": "1664-042X",
  "abstract": "The objective of the present study was to evaluate the effect of protected organic acids (OA) and essential oils (EO) [P(OA + EO)] on the intestinal health of broiler chickens raised under field conditions. The study was conducted on four commercial farms. Each farm consisted of four barns, two barns under a control diet and two tested barns supplemented with P(OA + EO), totaling 16 barns [8 control and 8 under P(OA + EO)]. The control group was supplemented with antibiotic growth promoters [AGP; Bacitracin Methylene Disalicylate (50 g\/ton) during starter, grower and finisher 1, and flavomycin (2 g\/ton) during finisher 2]. The tested group was supplemented with 636, 636, 454, and 454 g\/ton of P(OA + EO) during starter, grower, finisher 1 and 2, respectively. Eighty birds were necropsied (40\/treatment; 20\/farm; and 5\/barn) to collect blood, jejunal tissue, and cecal contents. The data were submitted to analysis of variance (ANOVA) (\ud835\ude17 \u0026lt; 0.05) or Kruskal-Wallis\u2019 test and the frequency of antimicrobial resistant (AMR) genes was analyzed by Chi-Square test (\ud835\ude17 \u0026lt; 0.05). It was observed that the supplementation of P(OA + EO) reduced (\ud835\ude17 \u0026lt; 0.05) the histopathology scores, such as the infiltration of inflammatory cells in the epithelium and lamina propria and tended (\ud835\ude17 = 0.09) to reduce the serum concentration of calprotectin (CALP). The supplementation of P(OA + EO) reduced the serum concentration of IL-12 (\ud835\ude17 = 0.0001), IL-16 (\ud835\ude17 = 0.001), and Pentraxin-3 (\ud835\ude17 = 0.04). Additionally, P(OA + EO) maintained a cecal microbiota similar to birds receiving AGP. The substitution of AGP by P(OA + EO) reduced (\ud835\ude17 \u0026lt; 0.05) the frequency of four AMR genes, related to gentamicin (three genes), and aminoglycoside (one gene). Overall, the inclusion of P(OA + EO), and removal of AGP, in the diets of commercially raised broiler chickens beneficially changed the phenotype of the jejunum as shown by the lowered ISI scores which characterizes an improved intestinal health. Furthermore, P(OA + EO) significantly reduced the serum concentration of several inflammatory biomarkers, while maintaining the diversity and composition of the cecal microbiota similar to AGP fed chickens and reducing the prevalence of AMR genes. ",
  "publication_date": "2021-10-25",
  "date_other": "",
  "volume": 12,
  "issue": "",
  "first_page": "",
  "last_page": "",
  "manuscript_file": "https:\/\/submit.nal.usda.gov\/sites\/default\/files\/manuscripts\/fphys-12-722339.pdf",
  "manuscript_version": "openaccess_vor",
  "supplementary_files": "",
  "accession_number": "",
  "log_number": "",
  "mms_id": "",
  "created": 1698846872,
  "changed": 1702785646
}
