{
  "submission_node_id": 2600,
  "submitter_email": "kristina.adams@usda.gov",
  "submitter_name": "KRISTINA M. ADAMS",
  "title": "Characterization of Improved Barley Germplasm under Desert Environments Using Agro-Morphological and SSR Markers ",
  "doi": "10.3390\/agronomy14081716",
  "authors": [
    {
      "first_name": "Abdelhalim I.",
      "last_name": "Ghazy",
      "name_suffix": "",
      "orcid": "0000-0002-9975-7753",
      "affiliation": "Plant Production Department, College of Food and Agricultural Sciences, King Saud University, Riyadh 11362, Saudi Arabia"
    },
    {
      "first_name": "Mohamed A.",
      "last_name": "Ali",
      "name_suffix": "",
      "orcid": "0000-0003-2539-0407",
      "affiliation": "Plant Production Department, College of Food and Agricultural Sciences, King Saud University, Riyadh 11362, Saudi Arabia"
    },
    {
      "first_name": "Eid I.",
      "last_name": "Ibrahim",
      "name_suffix": "",
      "orcid": "0000-0002-5029-6386",
      "affiliation": "Plant Production Department, College of Food and Agricultural Sciences, King Saud University, Riyadh 11362, Saudi Arabia"
    },
    {
      "first_name": "Mohammed",
      "last_name": "Sallam",
      "name_suffix": "",
      "orcid": "0009-0009-7602-1258",
      "affiliation": "Plant Production Department, College of Food and Agricultural Sciences, King Saud University, Riyadh 11362, Saudi Arabia"
    },
    {
      "first_name": "Talal K.",
      "last_name": "Al Ateeq",
      "name_suffix": "",
      "orcid": "0000-0001-6711-8909",
      "affiliation": "Plant Production Department, College of Food and Agricultural Sciences, King Saud University, Riyadh 11362, Saudi Arabia"
    },
    {
      "first_name": "Ibrahim",
      "last_name": "Al-Ashkar",
      "name_suffix": "",
      "orcid": "0000-0001-5022-1555",
      "affiliation": "Plant Production Department, College of Food and Agricultural Sciences, King Saud University, Riyadh 11362, Saudi Arabia"
    },
    {
      "first_name": "Mohamed I.",
      "last_name": "Motawei",
      "name_suffix": "",
      "orcid": "0000-0002-5278-0104",
      "affiliation": "Crop Science Department, Faculty of Agriculture, University of Alexandria, Alexandria 21526, Egypt"
    },
    {
      "first_name": "Hussein",
      "last_name": "Abdel-Haleem",
      "name_suffix": "",
      "orcid": "",
      "affiliation": "US Arid Land Agricultural Research Center, USDA-Agricultural Research Services, Maricopa, AZ 85138, USA"
    },
    {
      "first_name": "Abdullah A.",
      "last_name": "Al-Doss",
      "name_suffix": "",
      "orcid": "0000-0003-3828-2384",
      "affiliation": "Plant Production Department, College of Food and Agricultural Sciences, King Saud University, Riyadh 11362, Saudi Arabia"
    }
  ],
  "funding_agencies": [
    {
      "name": "Agricultural Research Service (ARS)",
      "award_number": "",
      "project_number": "2020-21410-008-000D"
    }
  ],
  "journal": "Agronomy",
  "issn": "2073-4395",
  "abstract": "Barley is indeed a versatile cereal crop, valued for its uses in food, animal feed, and increasingly in biofuel production. As interest grows in developing new barley genotypes that are better adapted to diverse environmental conditions and production systems, integrating agro-morphological evaluations with molecular marker analyses in barley breeding programs is essential for developing new genotypes. It is necessary to explore the genetic diversity of those germplasm to predicate their responses to targeted environments and regions. The current study explored the phenotypic and genotypic relations among Saudi advanced germplasm to facilitate the development of superior barley cultivars suitable for desert environments. Molecular microsatellites (SSR) markers revealed considerable wide genetic variation among Saudi germplasm and checks. Population structure analyses revealed four main groups. Those groups were validated using similarity analyses and coefficients. As well, principal components analysis (PCA) and heat map analyses separated the studied genotypes into four main groups. The improved Saudi germplasm, selected from the barley breeding program, revealed considerably wide genetic and phenotypic diversities, indicating the feasibility of selection to improve for semi-arid conditions. The improved line KSU-BR-C\/G-2 had the highest grain yield and harvest index in the first season. Rihana\/Lignee was followed by the KSU-BR-C\/G-2 genotype, with a grain yield averaging 6734.07 (kg ha\u207b\u00b9), in the first season. KSU-BR-88-29-10 yielded 20,000 kg ha\u207b\u00b9 for biomass yield. In the second year, KSU-BR-30-7 had the highest biomass yield, with 27,037.04 kg ha\u207b\u00b9.",
  "publication_date": "2024-08-04",
  "date_other": "",
  "volume": 14,
  "issue": 8,
  "first_page": 1716,
  "last_page": "",
  "manuscript_file": "https:\/\/submit.nal.usda.gov\/sites\/default\/files\/manuscripts\/Log%20408586%20-%20Abdel-Haleem%20agronomy-14-01716-v2.pdf",
  "manuscript_version": "openaccess_vor",
  "supplementary_files": "",
  "accession_number": 445056,
  "log_number": 408586,
  "mms_id": 9916537995707426,
  "created": 1725384139,
  "changed": 1728593391
}
